,BOND,CASH,COMMODITY,EQUITY
BOND,1.0,-0.9364355616955874,-0.8832073200505849,-0.5899652195429813
CASH,-0.9364355616955875,1.0,0.9688233728223216,0.7834047443772005
COMMODITY,-0.8832073200505849,0.9688233728223214,1.0,0.8983595253584319
EQUITY,-0.5899652195429813,0.7834047443772005,0.8983595253584319,1.0
