,BOND,CASH,COMMODITY,EQUITY
BOND,1.0,-0.936436,-0.883207,-0.589965
CASH,-0.936436,1.0,0.968823,0.783405
COMMODITY,-0.883207,0.968823,1.0,0.89836
EQUITY,-0.589965,0.783405,0.89836,1.0
