,BOND,CASH,COMMODITY,EQUITY
BOND,0.35341986400376096,-0.15606424655276754,-0.43956690061270837,-0.12240126002869
CASH,-0.15606424655276754,0.07858869709352646,0.22737436386057056,0.07664436727444782
COMMODITY,-0.43956690061270837,0.22737436386057056,0.7008638985734325,0.26247081734017724
EQUITY,-0.12240126002869,0.07664436727444782,0.26247081734017724,0.12179459151725373
