asset,volatility
BOND,0.5944912648675008
CASH,0.2803367565866568
COMMODITY,0.8371761454875745
EQUITY,0.3489908186718581
