,BOND,CASH,COMMODITY,EQUITY
BOND,0.35342,-0.156064,-0.439567,-0.122401
CASH,-0.156064,0.078589,0.227374,0.076644
COMMODITY,-0.439567,0.227374,0.700864,0.262471
EQUITY,-0.122401,0.076644,0.262471,0.121795
